{
    "infer_emotion": {
        "rcu": {
            "inter-correctness (min)": 0.0017992109060287476,
            "inter-correctness (mean)": 0.4953307509422302,
            "intra-correctness (min) (k=0)": 0.0002836510830093175,
            "intra-correctness (min) (k=4)": 0.0002757396432571113,
            "intra-correctness (min) (k=8)": 0.0002654111885931343,
            "intra-correctness (mean) (k=0)": 0.2781515121459961,
            "intra-correctness (mean) (k=4)": 0.21415020525455475,
            "intra-correctness (mean) (k=8)": 0.27888306975364685
        }
    }
}