{
    "infer_emotion": {
        "rcu": {
            "inter-correctness (min)": 0.20701465010643005,
            "inter-correctness (mean)": 0.6828760504722595,
            "intra-correctness (min) (k=0)": 0.00032009361893869936,
            "intra-correctness (min) (k=4)": 0.0003169608535245061,
            "intra-correctness (min) (k=8)": 0.00031108298571780324,
            "intra-correctness (mean) (k=0)": 0.35390183329582214,
            "intra-correctness (mean) (k=4)": 0.3013841211795807,
            "intra-correctness (mean) (k=8)": 0.35315006971359253
        }
    }
}