{
    "rcu": {
        "K": [
            0,
            4,
            8
        ],
        "means": {
            "inter-correctness (min)": 0.0009556636214256287,
            "inter-correctness (mean)": 0.3074507713317871,
            "intra-correctness (min) (k=0)": 0.00031140950159169734,
            "intra-correctness (min) (k=4)": 0.0002694373542908579,
            "intra-correctness (min) (k=8)": 0.0003173281147610396,
            "intra-correctness (mean) (k=0)": 0.2777498662471771,
            "intra-correctness (mean) (k=4)": 0.26408183574676514,
            "intra-correctness (mean) (k=8)": 0.2778446674346924
        },
        "results": [
            {
                "id": 0,
                "intra-correctness (min) (k=0)": 0.00021438459225464612,
                "intra-correctness (mean) (k=0)": 0.27282566189306734,
                "intra-correctness_scores (k=0)": [
                    1,
                    0.001313710119575262,
                    0.0004906479734927416,
                    0.1101970374584198,
                    0.00044333544792607427,
                    0.00021438459225464612,
                    0.7805148959159851,
                    0.003549767890945077,
                    0.5587071776390076
                ],
                "intra-correctness (min) (k=4)": 0.00014266341167967767,
                "intra-correctness (mean) (k=4)": 0.16361832124433326,
                "intra-correctness_scores (k=4)": [
                    1,
                    0.001313710119575262,
                    0.0004906479734927416,
                    0.1101970374584198,
                    0.00044333544792607427,
                    0.00014266341167967767,
                    0.2970077395439148,
                    0.010287640616297722,
                    0.052682116627693176
                ],
                "intra-correctness (min) (k=8)": 0.00021438459225464612,
                "intra-correctness (mean) (k=8)": 0.27282566189306734,
                "intra-correctness_scores (k=8)": [
                    1,
                    0.001313710119575262,
                    0.0004906479734927416,
                    0.1101970374584198,
                    0.00044333544792607427,
                    0.00021438459225464612,
                    0.7805148959159851,
                    0.003549767890945077,
                    0.5587071776390076
                ],
                "inter-correctness (min)": 0.0007646083831787109,
                "inter-correctness (mean)": 0.30464479016760987,
                "inter-correctness_scores": [
                    0.0018145442008972168,
                    0.0007646083831787109,
                    0.00396120548248291,
                    0.9946289397776127,
                    0.67952099442482,
                    0.0007746219635009766,
                    0.023829936981201172,
                    0.9776862245053053,
                    0.058822035789489746
                ]
            },
            {
                "id": 1,
                "intra-correctness (min) (k=0)": 0.00019806460477411747,
                "intra-correctness (mean) (k=0)": 0.16894450963849927,
                "intra-correctness_scores (k=0)": [
                    1,
                    0.0002745274978224188,
                    0.0007729269564151764,
                    0.000741396623197943,
                    0.0004427010426297784,
                    0.11654795706272125,
                    0.00019806460477411747,
                    0.0003076384891755879,
                    0.4012153744697571
                ],
                "intra-correctness (min) (k=4)": 0.00012997198791708797,
                "intra-correctness (mean) (k=4)": 0.15636286894570933,
                "intra-correctness_scores (k=4)": [
                    1,
                    0.0002745274978224188,
                    0.0007729269564151764,
                    0.000741396623197943,
                    0.0004427010426297784,
                    0.00012997198791708797,
                    0.00017422180098947138,
                    0.00018932719831354916,
                    0.4045407474040985
                ],
                "intra-correctness (min) (k=8)": 0.00019806460477411747,
                "intra-correctness (mean) (k=8)": 0.16894450963849927,
                "intra-correctness_scores (k=8)": [
                    1,
                    0.0002745274978224188,
                    0.0007729269564151764,
                    0.000741396623197943,
                    0.0004427010426297784,
                    0.11654795706272125,
                    0.00019806460477411747,
                    0.0003076384891755879,
                    0.4012153744697571
                ],
                "inter-correctness (min)": 0.00043016672134399414,
                "inter-correctness (mean)": 0.2752380619446437,
                "inter-correctness_scores": [
                    0.0143623948097229,
                    0.04225420951843262,
                    0.8057811707258224,
                    0.00396120548248291,
                    0.0012653470039367676,
                    0.001534104347229004,
                    0.8330267071723938,
                    0.00043016672134399414,
                    0.7745272517204285
                ]
            },
            {
                "id": 2,
                "intra-correctness (min) (k=0)": 0.0003620986535679549,
                "intra-correctness (mean) (k=0)": 0.24904724981105472,
                "intra-correctness_scores (k=0)": [
                    1,
                    0.000791747123003006,
                    0.0006518522859551013,
                    0.0035642569418996572,
                    0.0003620986535679549,
                    0.0003874294343404472,
                    0.8581013083457947,
                    0.003041515126824379,
                    0.3745250403881073
                ],
                "intra-correctness (min) (k=4)": 0.0003620986535679549,
                "intra-correctness (mean) (k=4)": 0.30843395798324813,
                "intra-correctness_scores (k=4)": [
                    1,
                    0.000791747123003006,
                    0.0006518522859551013,
                    0.0035642569418996572,
                    0.0003620986535679549,
                    0.0005246625514701009,
                    0.9295566082000732,
                    0.002407189691439271,
                    0.838047206401825
                ],
                "intra-correctness (min) (k=8)": 0.0003620986535679549,
                "intra-correctness (mean) (k=8)": 0.24904724981105472,
                "intra-correctness_scores (k=8)": [
                    1,
                    0.000791747123003006,
                    0.0006518522859551013,
                    0.0035642569418996572,
                    0.0003620986535679549,
                    0.0003874294343404472,
                    0.8581013083457947,
                    0.003041515126824379,
                    0.3745250403881073
                ],
                "inter-correctness (min)": 0.000740349292755127,
                "inter-correctness (mean)": 0.2274633810027606,
                "inter-correctness_scores": [
                    0.0017864704132080078,
                    0.04808223247528076,
                    0.000740349292755127,
                    0.0011056065559387207,
                    0.0012928247451782227,
                    0.0033541321754455566,
                    0.001266181468963623,
                    0.9952486781403422,
                    0.9942939537577331
                ]
            },
            {
                "id": 3,
                "intra-correctness (min) (k=0)": 0.00019945140229538083,
                "intra-correctness (mean) (k=0)": 0.21802451136754825,